<?xml version="1.0" encoding="UTF-8"?>

<vDiPE type="human">
	<rules>
		<background path="room1.png" />
		<ddoc/>
		<ddoi/>
		<dioc />
		<dioi />
		<dcoi />
	</rules>
	<flag flagid="0" state="true" />

	<playerModel name="marvin" animationlevels="2" />


	<itemC id="0" name="octo" texture="octoplush.png" positionX="300"
		positionY="500" draw="true" hitbox="true" collectible="true" />

	<itemI id="1" name="hubot" texture="hubot.png" positionX="600"
		positionY="500" hitbox="true" interactable="false" />

	<itemC id="2" name="axt" texture="axe.png" positionX="900"
		positionY="500" hitbox="true" collectible="true" collidable="false" />

	<condition>
		<if id="0" collected="true" />
		<then id="1" draw="true" interactable="true" />
	</condition>

	<condition>
		<if id="1" interactable="true" />
		<then id="2" draw="true" />
	</condition>

	<exitcondition id="1" interacted="true" />
</vDiPE>